Ano;PIB_pc;Urbanizacao;Industrializacao;Educacao;Gini_Verdadeiro;Regime_Verdadeiro;Gini_Observado;Gini_Lag_1;PIB_pc_norm;Urbanizacao_norm;Industrializacao_norm;Educacao_norm;Gini_Lag_1_norm;Prob_Regime_0;Prob_Regime_2;Gini_OLS;Gini_Markov;Gini_Markov_Low;Gini_Markov_High;Gini_GAM;Gini_GAM_Low;Gini_GAM_High;Gini_TimeSeries;Gini_TS_Low;Gini_TS_High;Gini_Bayes_Simples;Gini_Bayes_Simples_Low;Gini_Bayes_Simples_High;Gini_Bayes_Hierarquico;Gini_Bayes_Low;Gini_Bayes_High;Gini_Quantum;Gini_YDF_GBT;Gini_YDF_RF;Gini_VARMAX;Gini_VARMAX_Low;Gini_VARMAX_High;Regime_Inferido
1872;417,2088005119163;0,05;0,0;0,01324163282808032;0,35;0;;0,35;-1,4988931913969477;-0,7853584918801029;-0,9319397634980487;-1,0096129628235784;-0,628281507746605;1,0;6,024837071865387e-17;0,3298202616236294;0,3134035620332548;0,2834035620332548;0,34340356203325484;0,4031649127224791;0,23569555328619124;0,5706342721587669;-0,2212786122911452;-12,399042135026164;11,956484910443873;0,3349726054024608;0,16156958455782622;0,5440360794677138;0,3616583208573491;0,2689153044600226;0,46170985284008115;0,43145744373256195;0,35955810546875;0,359701007604599;0,2630985469542541;-5,368545866772916;5,894742960681422;
1873;395,15520518585816;0,05;0,0;0,0;0,35;0;;0,35;-1,5433997741895837;-0,7853584918801029;-0,9319397634980487;-1,0821197240428273;-0,628281507746605;1,0;3,30930871787329e-17;0,33035422475081583;0,311125371913496;0,28112537191349596;0,341125371913496;0,40634437104354526;0,23581051899095254;0,576878223096138;-0,21580006319517903;-12,22151197236899;11,789911845978633;0,3338340680893825;0,14874268442326072;0,5336362576080483;0,36248253671241887;0,26376850453341694;0,46075526652516746;0,4321871152098532;0,35955810546875;0,359701007604599;0,260431964521031;-5,316912317896927;5,837776246938987;
1874;467,38144862981653;0,05;0,036170040914901815;0,0;0,3763585790030798;0;;0,35;-1,397639265024831;-0,7853584918801029;-0,7421824715815946;-1,0821197240428273;-0,628281507746605;0,9999999999999998;2,365470522399043e-16;0,3336005845415229;0,31858651880444744;0,2885865188044474;0,34858651880444746;0,3989613962433489;0,24102753611952268;0,5568952563671752;-0,21032151409921285;-12,044799847499716;11,62415681930129;0,3344112612933939;0,14118575697438385;0,5177665495174115;0,36267332477880815;0,27310731541156696;0,4517784383412974;0,4300069862074203;0,35955810546875;0,359701007604599;0,2607211993056636;-5,262322951803082;5,7837653504144075;
1875;519,9457470764846;0,05;0,016229046893450304;0,011558515651501865;0,35;0;;0,3763585790030798;-1,2915587250418914;-0,7853584918801029;-0,8467980298701636;-1,018829150646533;1,2728151555668072;0,9999999999999991;9,813219274975454e-16;0,32911814713009113;0,3318549643565622;0,3018549643565622;0,36185496435656217;0,4190849129054001;0,2688805735354852;0,569289252275315;-0,20484296500324667;-11,868909688262189;11,459223758255696;0,32106211461240036;0,12050166194976158;0,49369130284549234;0,3552678088013639;0,27448049354573756;0,4411413180344845;0,4252018885927603;0,3608817458152771;0,36024215817451477;0,2527794964071253;-5,215964523392408;5,721523516206657;
1876;559,0012269208564;0,05;0,03554359294259052;0,0023940752462040023;0,35;0;;0,35;-1,2127404679051144;-0,7853584918801029;-0,7454689779759893;-1,0690105671532542;-0,628281507746605;0,9999999999999971;2,8280398307143752e-15;0,3287725927130417;0,3280510650877698;0,2980510650877698;0,35805106508776985;0,3971753778495474;0,2525012726422954;0,5418494830567994;-0,1993644159072805;-11,693845479654648;11,295116647840086;0,3272898376799995;0,153719783428669;0,5215930043884003;0,3549261985921195;0,27495641889086503;0,4359791488292844;0,4288566031713539;0,35955810546875;0,359701007604599;0,26606067276539996;-5,148383215724921;5,68050456125572;
1877;562,076442605706;0,05;0,004421297855544237;0,033304224290652135;0,35;0;;0,35;-1,2065343441661314;-0,7853584918801029;-0,908744503371084;-0,8997569090043515;-0,628281507746605;0,9999999999999969;3,0586502376260774e-15;0,3240100310669325;0,32836874235924285;0,2983687423592428;0,3583687423592429;0,39589913264621157;0,24915741364601915;0,542640851646404;-0,1938858668113143;-11,519611265230324;11,131839531607696;0,32788710199018006;0,1451296994633995;0,4981353788105093;0,35166386314789055;0,26810102843442873;0,4329570248227521;0,4288659023139788;0,35955810546875;0,359701007604599;0,25167333210793974;-5,108470425073169;5,6118170892890475;
1878;512,3404621137726;0,05;0,0005191199622323389;0,010890491825058473;0,35;0;;0,35;-1,30690702720533;-0,7853584918801029;-0,9292163273138117;-1,0224870261292294;-0,628281507746605;0,9999999999999991;7,918857777214857e-16;0,32480634020077453;0,3232308944175353;0,29323089441753525;0,3532308944175353;0,4021469343952293;0,24859742256336367;0,5556964462270949;-0,18840731771534813;-11,34621114854664;10,969396513115942;0,3269339897757819;0,14999682500130834;0,5078405621837664;0,35343269383513937;0,26443723345249914;0,4387539646716619;0,43039103186098937;0,35955810546875;0,359701007604599;0,2679939042258327;-5,037849721646064;5,5738375300977285;
1879;584,0133292629871;0,05;0,017216712530797023;0,008563035375449727;0,35;0;;0,35;-1,162263292313133;-0,7853584918801029;-0,8416164831557768;-1,0352314007264554;-0,628281507746605;0,9999999999999944;5,5414437993823035e-15;0,3241788036934218;0,33063487618921455;0,3006348761892146;0,3606348761892145;0,3986616447317843;0,25623967459735575;0,5410836148662128;-0,18292876861938195;-11,173649294665145;10,807791757426381;0,32348585178659334;0,14858748500884217;0,4981007065752642;0,3500592257515776;0,26942877608449717;0,42808861142419513;0,4290112986637102;0,35955810546875;0,359701007604599;0,2624776913372979;-4,989065803225387;5,514021185899981;
1880;508,8937224176522;0,05;0,0;0,01830622631397922;0,35;0;;0,35;-1,3138629272924593;-0,7853584918801029;-0,9319397634980487;-0,9818809394906319;-0,628281507746605;0,9999999999999993;7,219921639832662e-16;0,3252371250055682;0,32287483781066517;0,29287483781066515;0,3528748378106652;0,4006946736545106;0,24650742531827657;0,5548819219907446;-0,17745021952341578;-11,001929931704552;10,647029492657719;0,3287189123475001;0,16231112357711747;0,5125946731838621;0,3542296356007469;0,26898165035712523;0,4441577779967611;0,4301890881585553;0,35955810546875;0,359701007604599;0,26317906161271104;-4,9340643016407615;5,460422424866183;
1881;558,3744533569211;0,05;0,00956648921326137;0,04204981916522682;0,35;0;;0,35;-1,2140053659456873;-0,7853584918801029;-0,8817515126600866;-0,8518689508103767;-0,628281507746605;0,9999999999999973;2,7747792987090317e-15;0,32562044562862524;0,3279863178517944;0,2979863178517944;0,35798631785179436;0,3931789789773652;0,2461765547030589;0,5401814032516715;-0,1719716704274496;-10,831057352449262;10,487114011594363;0,3311992750190475;0,16354297119578198;0,49339466553346495;0,3535854396681999;0,27264350920149966;0,43772083629231956;0,4284130251688184;0,35955810546875;0,359701007604599;0,2563808181997012;-4,886562413744559;5,399324050143961;
1882;574,3486374162022;0,05;0,028089616002497004;0,010632380944639776;0,35;0;;0,35;-1,1817677042461843;-0,7853584918801029;-0,7845744487573922;-1,0239003551512302;-0,628281507746605;0,9999999999999958;4,280794810284606e-15;0,32690288948408075;0,32963648997824413;0,2996364899782441;0,35963648997824416;0,39647002229508327;0,25358692110458936;0,5393531234855772;-0,16649312133148342;-10,661035916016003;10,328049673353037;0,3267956497035881;0,15955639383872167;0,49413869611657724;0,35296326247540555;0,2742554306646024;0,4333323386467028;0,42865571522686075;0,35955810546875;0,359701007604599;0,2776531388736044;-4,810989961761444;5,366296239508652;
1883;607,3858385352115;0,05;0,0;0,017695741175341687;0,35;0;;0,35;-1,1150949960051473;-0,7853584918801029;-0,9319397634980487;-0,9852237523257096;-0,628281507746605;0,9999999999999896;1,0394732858526365e-14;0,3200276235770625;0,33304931333248783;0,30304931333248786;0,3630493133324878;0,39934213884985315;0,25828564765544404;0,5403986300442623;-0,16101457223551724;-10,491870049581282;10,169840905110247;0,32103150288259547;0,1480276231214755;0,48531587960154254;0,34576492146876886;0,26505756811879216;0,4225523698276228;0,4290402467330503;0,35955810546875;0,359701007604599;0,25917156624816806;-4,775171403077668;5,293514535574004;
1884;679,3466100600983;0,05;0,0;0,0;0,35129905412463236;0;;0,35;-0,9698702383933995;-0,7853584918801029;-0,9319397634980487;-1,0821197240428273;-0,628281507746605;0,9999999999999272;7,277460847929444e-14;0,31540589173695793;0,3404830363275094;0,3104830363275094;0,37048303632750945;0,40206297663297574;0,2691554650418581;0,5349704882240933;-0,15553602313955106;-10,323564250172554;10,012492203893453;0,3119446339945862;0,14943183646212915;0,48375727604993846;0,33819929228786133;0,26304913389718876;0,41048718600779555;0,4288100173788144;0,35955810546875;0,359701007604599;0,2707007496289181;-4,709342088387706;5,250743587645542;
1885;512,78709223539;0,05;0,0;0,0;0,3585398508901978;0;;0,35129905412463236;-1,306005678459624;-0,7853584918801029;-0,9319397634980487;-1,0821197240428273;-0,534588010023773;0,9999999999999991;8,002574398998989e-16;0,3242466921774675;0,32366334073882164;0,2936633407388216;0,35366334073882166;0,40666454749955616;0,2532800861381479;0,5600490088609644;-0,15005747404358488;-10,156123086526172;9,856008138439002;0,32514219441616327;0,14440226234491;0,484106637801129;0,3524149122441745;0,2612441871804163;0,43480423979361915;0,4305674447724738;0,35955810546875;0,3597600758075714;0,2583661895408988;-4,667376517166514;5,18410889624831;
1886;613,0459775378962;0,05;0,0;0,005935635106975557;0,39125779306347197;0;;0,3585398508901978;-1,1036722124899734;-0,7853584918801029;-0,9319397634980487;-1,0496181675524967;-0,012349896613387302;0,9999999999999878;1,2110035142131762e-14;0,3196988202311766;0,33617357158403816;0,30617357158403813;0,3661735715840382;0,41390785160424287;0,273851664289845;0,5539640389186408;-0,1445789249476187;-9,989551201015322;9,700393351120086;0,31635494173478557;0,144972254267061;0,4807960345179815;0,34423217794084865;0,263997707310932;0,4191118059573189;0,4279299888987785;0,35955810546875;0,3599432110786438;0,26565598208704555;-4,605786593311155;5,1370985574852455;
1887;584,8109765823862;0,05;0,028289426757656458;0,022835071021790953;0,35;0;;0,39125779306347197;-1,1606535522260728;-0,7853584918801029;-0,7835261903967219;-0,9570824976298958;2,347412011979071;0,9999999999999942;5,726264423221907e-15;0,3295044110221746;0,34298637868863546;0,31298637868863544;0,3729863786886355;0,40612927238208874;0,2665237624661161;0,5457347822980614;-0,13910037585165252;-9,823853311651426;9,54565255994812;0,3170032254250834;0,14143189028469944;0,4733051803509094;0,3525619543475047;0,2763102524809509;0,4304324797181507;0,4210478955956142;0,3598076403141022;0,35999372601509094;0,2607309931059856;-4,556411450983003;5,077873437194973;
1888;638,6678558356533;0,05;0,0;0,012902320424746505;0,35;0;;0,35;-1,0519644419019019;-0,7853584918801029;-0,9319397634980487;-1,0114709242794406;-0,628281507746605;0,9999999999999758;2,423261667344702e-14;0,31815557821555696;0,3362808219226443;0,3062808219226443;0,36628082192264433;0,39990155137300176;0,2626457356778138;0,5371573670681897;-0,13362182675568635;-9,659034214162615;9,391790560651243;0,31860049917709243;0,1350446929690704;0,4620763307409333;0,34270818748658044;0,26268856905967786;0,4149717078838657;0,42883778796157185;0,35955810546875;0,359701007604599;0,2691879474967679;-4,4936543652830085;5,032030260276543;
1889;608,9995945089544;0,05;0,0;0,0;0,35;0;;0,35;-1,1118382588250815;-0,7853584918801029;-0,9319397634980487;-1,0821197240428273;-0,628281507746605;0,9999999999999891;1,0830822302424917e-14;0,31910611136694594;0,3332160182556864;0,30321601825568645;0,3632160182556864;0,4031227670207751;0,26213976713106074;0,5441057669104894;-0,12814327765972017;-9,495098784153154;9,238812228833712;0,31840369008901537;0,15071711635455437;0,4777748332977048;0,3442102192331101;0,2627416162448577;0,4208749963282788;0,42964596367966384;0,35955810546875;0,359701007604599;0,26936212875076304;-4,439180052719801;4,9779043102213265;
1890;625,4979950748424;0,05;0,010508309786578044;0,01748935517523991;0,35;0;;0,35;-1,0785426705150816;-0,7853584918801029;-0,8768104808850812;-0,9863538531692128;-0,628281507746605;0,9999999999999829;1,7029111552371876e-14;0,32111204915271496;0,33492034322426045;0,3049203432242604;0,3649203432242605;0,39728483347105803;0,2596243862786447;0,5349452806634714;-0,12266472856375397;-9,332051979347927;9,08672252222042;0,32249801636589326;0,16407905473856899;0,47929460193614276;0,3460491769728934;0,2692086897384731;0,42209677142707097;0,4284482736339758;0,35955810546875;0,359701007604599;0,26459808833116083;-4,389643961830191;4,918840138492512;
1891;584,3899930382051;0,05;0,01002471682443428;0,020872206537285963;0,35;0;;0,35;-1,1615031433556104;-0,7853584918801029;-0,879347533334155;-0,9678304883294974;-0,628281507746605;0,9999999999999944;5,596189506239617e-15;0,3233400496882312;0,3306737864747479;0,30067378647474785;0,3606737864747479;0,39726091428572335;0,25427131376798284;0,5402505148034639;-0,11718617946778778;-9,169898841926353;8,935526482990776;0,326469808279662;0,1642302961849933;0,48295844997396714;0,3497475086968307;0,2679210188799618;0,4277236899362422;0,42883498123401;0,35955810546875;0,359701007604599;0,2638371270804887;-4,336104791771651;4,8637790459326276;
1892;657,4743529870655;0,05;0,00643617715482312;0,0;0,39015069456595164;0;;0,35;-1,0140108606316494;-0,7853584918801029;-0,8981739308835047;-1,0821197240428273;-0,628281507746605;0,9999999999999596;4,0327161975774596e-14;0,3178100407628974;0,3382235788910282;0,30822357889102825;0,3682235788910282;0,4012723623751595;0,26669261895841956;0,5358521057918995;-0,11170763037182159;-9,00864450095032;8,785229240206677;0,3160171459851236;0,15024806392681894;0,4675118898806369;0,34120032632349445;0,26499220296154685;0,4148270898031859;0,4288347161812607;0,35955810546875;0,359701007604599;0,27774282237332737;-4,2678989651696;4,823384609916254;
1893;680,074166194892;0,05;0,028656964126565522;0,022377253987215663;0,35;0;;0,39015069456595164;-0,9684019500317634;-0,7853584918801029;-0,7815979952927581;-0,9595893508887826;2,267563198454287;0,9999999999999245;7,553868840306022e-14;0,32447550881004056;0,3524980730131719;0,3224980730131719;0,38249807301317185;0,40528290322738914;0,27746663916840353;0,5330991672863747;-0,1062290812758554;-8,848294174891178;8,635836012339466;0,31027702463841267;0,13991465211780485;0,44783549195200434;0,3444639545024903;0,27427899780909015;0,4140796000942515;0,42010765173517284;0,3598076403141022;0,35999372601509094;0,26151490270007005;-4,229826753533645;4,752856558933785;
1894;623,8703381698942;0,05;0,023967009119596264;0,014233383292011594;0,35;0;;0,35;-1,081827461304386;-0,7853584918801029;-0,8062026995955902;-1,0041824683361573;-0,628281507746605;0,9999999999999836;1,635360255951283e-14;0,3236652947316462;0,3347522023010057;0,30475220230100575;0,3647522023010057;0,3956671614076333;0,2590462934304646;0,532288029384802;-0,1007505321798892;-8,688853174260947;8,487352109901169;0,325031516709194;0,1648702794620251;0,47630186921178064;0,34829494252777976;0,2712481027390842;0,4227715991294674;0,42809073958449373;0,35955810546875;0,359701007604599;0,27268213284787113;-4,164359392076632;4,709723657772374;
1895;632,112238233662;0,05;0,0;0,017968496400907037;0,35;0;;0,35;-1,0651943997952138;-0,7853584918801029;-0,9319397634980487;-0,9837302357580676;-0,628281507746605;0,9999999999999798;2,030609506790753e-14;0,31873992216669794;0,33560361065486854;0,3056036106548685;0,36560361065486857;0,3989109833595357;0,26089313060908154;0,5369288361099898;-0,09527198308392301;-8,530326904353402;8,339782938185557;0,3214191655599587;0,15732787364489315;0,47004938553796116;0,3436739680725579;0,2611955507203034;0,41470066441073494;0,42873678659246084;0,35955810546875;0,359701007604599;0,2698073118587788;-4,112934081756512;4,65254870547407;
1896;593,804170259318;0,05;0,007440438874540855;0,019093357635102223;0,35;0;;0,35;-1,1425042975111446;-0,7853584918801029;-0,8929053168734363;-0,977570871125964;-0,628281507746605;0,9999999999999929;7,2136380106858e-15;0,3222573852351236;0,3316462939146325;0,3016462939146325;0,36164629391463254;0,3979513325273967;0,2559498763446594;0,539952788710134;-0,08979343398795682;-8,372720868101025;8,193134000125111;0,3263725743995213;0,17141069819765473;0,48007003487080224;0,3483461006745833;0,26715980437732467;0,42575536790836166;0,4288803714144313;0,35955810546875;0,359701007604599;0,2719659621910976;-4,056475300114981;4,600407224497176;
1897;669,3783196533907;0,05;0,006809866657545183;0,036937222072416856;0,3569164685486327;0;;0,35;-0,9899873456372675;-0,7853584918801029;-0,896213460110995;-0,8798638258708371;-0,628281507746605;0,999999999999944;5,5976233167838874e-14;0,31900302652932117;0,33945328764573257;0,30945328764573254;0,3694532876457326;0,39308574725479245;0,26025167736810284;0,5259198171414821;-0,08431488489199063;-8,216040669054157;8,047410899270178;0,32409015025147225;0,17432232538447295;0,48311688603145514;0,34320628608797665;0,2696292533348337;0,4153725566408476;0,4273752304924784;0,35955810546875;0,359701007604599;0,27288921760736784;-4,001251913389498;4,547030348604234;
1898;553,2446821768067;0,05;0,0;0,028671819321392535;0,35;0;;0,3569164685486327;-1,2243578088176792;-0,7853584918801029;-0,9319397634980487;-0,9251224122876547;-0,12943537199014246;0,9999999999999976;2,405495245353046e-15;0,3238194900447538;0,3295131961223449;0,29951319612234495;0,3595131961223449;0,407941556430895;0,260004301923698;0,5558788109380921;-0,07883633579602443;-8,060292014489235;7,902619342897187;0,32830090268312656;0,17723879148371036;0,49466235264537095;0,35118282321580296;0,26725824162093265;0,4329719192165721;0,42811494324680127;0,35955810546875;0,3599432110786438;0,27232679725296666;-3,947514202434688;4,49216779694062;
1899;746,2464000392944;0,05;0,0;0,017495067998422396;0,35;0;;0,35;-0,834859098599747;-0,7853584918801029;-0,9319397634980487;-0,9863225716564448;-0,628281507746605;0,9999999999995535;4,465548651114598e-13;0,31271413640607254;0,34739394760030573;0,3173939476003057;0,37739394760030576;0,39729332838478343;0,27166113097729044;0,5229255257922765;-0,07335778670005824;-7,905480718653356;7,758765145253239;0,31294146437465;0,16095452858744108;0,46905933744036865;0,3338836647516879;0,264439184750649;0,4018252244900137;0,4273972279968854;0,35955810546875;0,359701007604599;0,2849678520956316;-3,880573016282811;4,450508720474073;
1900;693,8972280449508;0,05;0,013616004696941155;0,04526546499714146;0,35;0;;0,35;-0,9405054897230696;-0,7853584918801029;-0,8605067180090459;-0,834261147639315;-0,628281507746605;0,999999999999891;1,0909053812816834e-13;0,3194328330068599;0,34198615061066245;0,3119861506106625;0,3719861506106624;0,3897411159645523;0,26055237494358285;0,5189298569855217;-0,06787923760409205;-7,751612706152993;7,615854230944808;0,32522949029904846;0,1801895057107491;0,48062138148436434;0,34297522158843496;0,27517634035403865;0,41557705581316057;0,4265410372653687;0,35955810546875;0,359701007604599;0,2655568637331036;-3,8456838733361267;4,376797600802333;
1901;643,4685697468819;0,05;0,02530471018632888;0,021768548843753857;0,35;0;;0,35;-1,0422760728176375;-0,7853584918801029;-0,799184777431384;-0,9629224170644525;-0,628281507746605;0,9999999999999722;2,7845600361723528e-14;0,3232512546837948;0,33677674736421737;0,30677674736421734;0,3667767473642174;0,39351889107385574;0,25958412434013844;0,527453657807573;-0,06240068850812586;-7,598694015495234;7,473892638478981;0,3267522522704456;0,17056269555085019;0,47400660114776316;0,3474589413765267;0,27285468568143956;0,4203913124572541;0,4275428724131159;0,35955810546875;0,359701007604599;0,28355495649201723;-3,773385649268001;4,340495562252035;
1902;653,3928613856441;0,05;0,020168319475899248;0,019934226675526162;0,36228492693721537;0;;0,35;-1,0222477599303987;-0,7853584918801029;-0,826131597694294;-0,9729665529484212;-0,628281507746605;0,9999999999999636;3,6364553177488544e-14;0,32164201933383857;0,3378019508660844;0,3078019508660844;0,36780195086608436;0,39465771060289573;0,2614418551507376;0,5278735660550539;-0,056922139412159664;-7,446730802790482;7,332886523966163;0,32512922317017035;0,17905445689521227;0,4818404399983056;0,34556058909834625;0,2724605418555818;0,4188878258338228;0,42767742793618596;0,35955810546875;0,359701007604599;0,2760678343717273;-3,726572640079079;4,278708308822533;
1903;637,8429957802647;0,05;0,049463730894211945;0,024280003513031213;0,35;0;;0,36228492693721537;-1,0536291002854767;-0,7853584918801029;-0,6724403715937699;-0,9491705296361812;0,2577614616661389;0,9999999999999758;2,4136887984617803e-14;0,3291268563831808;0,3398488620794078;0,30984886207940776;0,3698488620794078;0,40484654495247596;0,2726274564612846;0,5370656334436673;-0,05144359031619347;-7,295729345626245;7,192842164993858;0,3287527594523532;0,18427845678860244;0,48034850623311287;0,3522355823369615;0,2784982863858684;0,4221243269560805;0,42454032928595076;0,3608817458152771;0,3599432110786438;0,27700970305972283;-3,6713306400818717;4,225350046201316;
1904;684,7031336522999;0,05;0,020346272236945295;0,043977648757869706;0,35;0;;0,35;-0,9590601841953278;-0,7853584918801029;-0,8251980119650271;-0,8413127994837263;-0,628281507746605;0,9999999999999147;8,52046431050824e-14;0,32116651533497237;0,34103637826307986;0,31103637826307984;0,3710363782630799;0,3889852270806141;0,25956382061159855;0,5184066335496297;-0,04596504122022728;-7,145696047122334;7,0537659646818796;0,3280566227558994;0,17139747226066349;0,4673519834827788;0,3448415684108228;0,2758116328077371;0,4162284508203682;0,4264498084257794;0,35955810546875;0,359701007604599;0,2750914532019835;-3,618948758630399;4,169131665034365;
1905;675,2583400355675;0,05;0,0;0,04457880850005089;0,3693038142033606;0;;0,35;-0,9781208172960804;-0,7853584918801029;-0,9319397634980487;-0,8380210494067627;-0,628281507746605;0,9999999999999345;6,557641355516248e-14;0,31772855530437427;0,3400607080749461;0,3100607080749461;0,37006070807494607;0,39253922815664494;0,2593364266955036;0,5257420296177863;-0,040486492124261086;-6,996637440178584;6,915664455930062;0,32605365443086454;0,1729108472187313;0,4698563170124499;0,342117830314411;0,2660699483645923;0,41203621691154096;0,42728437801213126;0,35955810546875;0,359701007604599;0,2815347617403404;-3,55820531878283;4,121274842263509;
1906;760,0790965198316;0,05;0,021483664403539045;0,03834489911479948;0,35;0;;0,3693038142033606;-0,8069431945462703;-0,7853584918801029;-0,8192309615575475;-0,872155856278944;0,7639944858470944;0,9999999999993425;6,574816319077225e-13;0,3183435614152841;0,354563402116009;0,324563402116009;0,38456340211600903;0,4090291601608628;0,28841524195948504;0,5296430783622406;-0,035007943028294894;-6,848560191927028;6,778544305870438;0,3160361995586161;0,16414655903648454;0,4577995891955987;0,33790695263279624;0,2736808348376317;0,4016421658763466;0,42241508259854754;0,3608817458152771;0,36005717515945435;0,28403782920903675;-3,5014021200049217;4,069477778422994;
1907;729,6094468287934;0,05;0,05702820896433319;0,02856558979353987;0,3526149523205438;0;;0,35;-0,8684343013969741;-0,7853584918801029;-0,632755183602837;-0,9257040897220352;-0,628281507746605;0,99999999999971;2,9002090546350485e-13;0,32522094057376855;0,3456753098060288;0,31567530980602876;0,3756753098060288;0,3852386460063068;0,26457380702926536;0,5059034849833483;-0,029529393932328705;-6,701471108401395;6,642412320536738;0,32844422703720066;0,18220295936890318;0,4744935262767122;0,3462228304742632;0,28283569520821716;0,4126598059658519;0,4251198689558854;0,35955810546875;0,359701007604599;0,2816464658911718;-3,4494933520135747;4,012786283795917;
1908;682,0519346855152;0,05;0,0;0,028715639170076284;0,35;0;;0,3526149523205438;-0,964410595526016;-0,7853584918801029;-0,9319397634980487;-0,9248824694236268;-0,43967964378691815;0,9999999999999214;7,86663236860872e-14;0,3167819604857895;0,34154012866815564;0,3115401286681556;0,37154012866815567;0,3999782537316505;0,26790533090584867;0,5320511765574524;-0,024050844836362516;-6,555377139437812;6,507275449765087;0,321831443368897;0,1695482769024501;0,4653196183322402;0,34023432679983867;0,2641388825504279;0,4087827729515582;0,4273172927411748;0,35955810546875;0,3597600758075714;0,2837531564643892;-3,393086530131145;3,9605928430599215;
1909;679,1857835358786;0,05;0,0;0,040676537762766724;0,35;0;;0,35;-0,9701948040213441;-0,7853584918801029;-0,9319397634980487;-0,8593885813595531;-0,628281507746605;0,9999999999999272;7,289322867682961e-14;0,3173374798437752;0,34046642255578397;0,31046642255578394;0,370466422555784;0,39331912708536954;0,2606543972654378;0,5259838569053013;-0,018572295740396327;-6,410285383821674;6,373140792340881;0,3256696005236027;0,1789129657708447;0,4697150049188928;0,3414698070131707;0,26651764815126117;0,41205204767361203;0,4273755092139897;0,35955810546875;0,359701007604599;0,27270498284571254;-3,3498345724406096;3,8952445381320326;
1910;730,6163989907966;0,05;0,029696284655795956;0,01680664795995391;0,35;0;;0,35;-0,8664021610994931;-0,7853584918801029;-0,7761454537951151;-0,9900921299877958;-0,628281507746605;0,9999999999997049;2,9506835257871873e-13;0,31928814686408424;0,3457793304173;0,3157793304173;0,37577933041730005;0,39250861160268113;0,26908701869116886;0,5159302045141935;-0,013093746644430138;-6,266203094696879;6,240015601408018;0,3218096338216751;0,1696749123037763;0,4623631044859228;0,34038763886207923;0,27241759224497697;0,4068205361246553;0,42652200748002234;0,35955810546875;0,359701007604599;0,2963666047242599;-3,27187281925285;3,8646060287013677;
1911;735,5191668959369;0,05;0,011611427872643978;0,04697798112375821;0,35;0;;0,35;-0,8565078358224993;-0,7853584918801029;-0,8710232410760796;-0,8248839809795208;-0,628281507746605;0,9999999999996634;3,366114176212283e-13;0,31693404013582166;0,3462857982850478;0,31628579828504777;0,3762857982850478;0,3890947163063378;0,2642699690032314;0,5139194636094442;-0,007615197548463948;-6,123137685254929;6,107907290158001;0,32476711124242286;0,17468859595605662;0,46698166691420373;0,3392032693051997;0,267786715020065;0,40248570148122703;0,4260592200156318;0,35955810546875;0,359701007604599;0,2662781068666865;-3,247661185801211;3,7802173995345822;
1912;745,6286471885139;0,05;0,0;0,0;0,35;0;;0,35;-0,8361057918482697;-0,7853584918801029;-0,9319397634980487;-1,0821197240428273;-0,628281507746605;0,9999999999995619;4,3801805158542667e-13;0,31191948804269104;0,34733013222597364;0,3173301322259736;0,37733013222597367;0,4010644258731161;0,2747700169393105;0,5273588348069216;-0,0021366484524977577;-5,981096734722856;5,97682343781786;0,3126583140052492;0,15272952594324818;0,4574558350883604;0,3325357047164617;0,25947940378484835;0,3997474833787191;0,42802237595129744;0,35955810546875;0,359701007604599;0,29899681304969916;-3,1606423483089863;3,758635974408383;
1913;688,8585232318253;0,05;0,0;0,03741423462449502;0,35;0;;0,35;-0,950674150642863;-0,7853584918801029;-0,9319397634980487;-0,8772518643656991;-0,628281507746605;0,9999999999999054;9,467500752585938e-14;0,3166744612857124;0,34146564012917735;0,3114656401291773;0,3714656401291774;0,393874866213259;0,2623627457422758;0,5253869866842422;0,0033419006434684323;-5,840087994670546;5,8467717959574825;0,3251726143041077;0,16861976699048603;0,45942817591408386;0,3403821056657301;0,26373117217513303;0,40786737017279023;0,42737576870973015;0,35955810546875;0,359701007604599;0,27053085008086153;-3,1348081799686116;3,675869880130333;
1914;758,1686515270111;0,05;0,029976375157070738;0,04427331914697774;0,35;0;;0,35;-0,8107986828231989;-0,7853584918801029;-0,7746760273397105;-0,8396938071297624;-0,628281507746605;0,9999999999993752;6,248035191090093e-13;0,31919205428152314;0,3486255452216016;0,3186255452216016;0,37862554522160163;0,3861389004229567;0,26626148986865217;0,5060163109772612;0,008820449739434622;-5,700119395659788;5,717760295138657;0,3264988541825859;0,17551164037446237;0,45998073692234;0,34028177779333957;0,2782061027393562;0,40650884524368003;0,42521442659533465;0,35955810546875;0,359701007604599;0,28338587062087556;-3,0676530281193854;3,634424769361135;
1915;773,7324560896963;0,05;0,011545151489533596;0,03971274026847633;0,38336243104471;0;;0,35;-0,7793892121180261;-0,7853584918801029;-0,8713709439445014;-0,8646660147161127;-0,628281507746605;0,9999999999990536;9,463780032977822e-13;0,31456763930544357;0,3502333241463682;0,3202333241463682;0,38023332414636823;0,39009273338298855;0,26917359381637723;0,5110118729495998;0,014298998835400811;-5,5611990542593155;5,589797051930118;0,32107612509453753;0,16765770009728181;0,46009832703308384;0,33534471576643077;0,26963990401426985;0,3998345074950188;0,4258641057027466;0,35955810546875;0,359701007604599;0,2915895264847401;-3,0051492409463085;3,5883282939157874;
1916;742,076875352565;0,05893092089873418;0,002349002491961169;0,055974181257236785;0,36013841165628846;0;;0,38336243104471;-0,8432736583543914;-0,7407847315444647;-0,9196162952269383;-0,7756237920415323;1,777963773219083;0,9999999999995959;4,040592422070143e-13;0,3173011706221371;0,3550303278711483;0,3250303278711483;0,3850303278711483;0,40848251978497296;0,2830206743631575;0,5339443652067885;0,019777547931367;-5,423335280452286;5,462890376315021;0,31539896792941363;0,1601850223474468;0,4461623870394116;0,33735348519610414;0,26938671853629315;0,4066722315601479;0,4201885538717753;0,35895833373069763;0,35995763540267944;0,28013046331244634;-2,96230817280939;3,5225690994342815;
1917;712,2588657478788;0,05;0,009534621527767203;0,046044508722876736;0,35;0;;0,36013841165628846;-0,9034496837852435;-0,7853584918801029;-0,8819186986943308;-0,8299953642472958;0,10294533755548055;0,9999999999998206;1,7941395419433198e-13;0,31833203134564103;0,3468978792371542;0,3168978792371542;0,37689787923715423;0,40390390970714674;0,276513363867855;0,5312944555464385;0,02525609702733319;-5,286536585464987;5,3370487795196535;0,32427400240911697;0,1754913499827881;0,4608407525504421;0,3406230835258167;0,2710551560720181;0,40834049574362585;0,42471322974521974;0,35955810546875;0,3599432110786438;0,29803950472624163;-2,8900990000863827;3,4861780095388646;
1918;795,3314317640742;0,05;0,018592288932677517;0,08388682888998558;0,3560893135028048;0;;0,35;-0,7358001018221647;-0,7853584918801029;-0,8343998572896589;-0,6227834510366873;-0,628281507746605;0,9999999999982867;1,7132861432858885e-12;0,3168927166981834;0,3524645509486546;0,32246455094865456;0,3824645509486546;0,37904257230401583;0,26048940509698887;0,4975957395110428;0,03073464612329938;-5,150811690048236;5,2122809822948355;0,33005095480929036;0,19609372296781835;0,47294140652484734;0,338275544397112;0,27505409273563663;0,40013036882439096;0,42378997109378236;0,35955810546875;0,359701007604599;0,2784752578640105;-2,8553631156394017;3,412313631367421;
1919;850,449469369496;0,05;0,044532776466367274;0,05184440915031683;0,35426468438577385;0;;0,3560893135028048;-0,6245658351284799;-0,7853584918801029;-0,6983094205393506;-0,7982370455529402;-0,18909343236898427;0,9999999999923479;7,652152977525633e-12;0,31790575528011683;0,3599691980479266;0,32996919804792657;0,3899691980479266;0,3896585584692386;0,2810375276645717;0,4982795892739055;0,03621319521926557;-5,016169533245862;5,088595923684394;0,3217438491379412;0,17975665198028296;0,4579850255100345;0,33548664789543453;0,27756137220504834;0,39066819971980676;0,42227868162416843;0,35955810546875;0,3599432110786438;0,3079063289908921;-2,771631913203308;3,3874445711850907;
1920;887,7045916724376;0,05899573962642571;0,032821318762354806;0,07073201466869408;0,3613067235383431;0;;0,35426468438577385;-0,5493808976744727;-0,7404612246557414;-0,7597507250580832;-0,6948148225458034;-0,3206937104327887;0,9999999999789959;2,1004025812658386e-11;0,3144862820168104;0,36140757908441956;0,33140757908441953;0,3914075790844196;0,38759366644835397;0,280258239030936;0,49492909386577194;0,04169174431523176;-4,882619281687902;4,966002770318366;0,32120873659858795;0,18823684642455663;0,45961574445552755;0,33181838170984174;0,2757638540841236;0,3885379321755162;0,4217912138045347;0,35955810546875;0,35973677039146423;0,2832261472737125;-2,7420119636112754;3,308464258158699;
1921;769,9767896067935;0,05;0,02105559780979385;0,04064655074055266;0,35;0;;0,3613067235383431;-0,7869685604642495;-0,7853584918801029;-0,8214767084667118;-0,8595527802833249;0,18720912963713834;0,9999999999991411;8,588003393962314e-13;0,3173568282582497;0,3532077100265286;0,3232077100265286;0,38320771002652865;0,403370933207884;0,28372851326254034;0,5230133531532276;0,04717029341119795;-4,750170339449835;4,844510926272231;0,32006697968227615;0,18090318866225857;0,46447950473427113;0,33727090607704335;0,27322852406549586;0,40043041353116543;0,42359743324892085;0,3608817458152771;0,3599432110786438;0,3038265751255807;-2,667111404450195;3,2747645547013553;
1922;849,892718881632;0,05;0,019010330415902353;0,07419691136661422;0,35;0;;0,35;-0,6256894188941472;-0,7853584918801029;-0,8322067046760879;-0,675842204834134;-0,628281507746605;0,9999999999925022;7,497832298420257e-12;0,3136461221317655;0,3581008648192402;0,32810086481924017;0,3881008648192402;0,3802313695032292;0,26716984093046436;0,4932928980759941;0,052648842507164145;-4,618832358523193;4,724130043537521;0,323727541121301;0,20012402398207485;0,4754180011773459;0,3329111660044337;0,2736113651311165;0,3920462462174188;0,42346851406476016;0,35955810546875;0,359701007604599;0,28114336515195165;-2,635494483114612;3,197781213418514;
1923;874,84233001716;0,05;0,02967312608075797;0,05625804948121024;0,37544697201736;0;;0,35;-0,5753383574354561;-0,7853584918801029;-0,7762669496069167;-0,7740694244042022;-0,628281507746605;0,999999999985256;1,4743953420971607e-11;0,3135626263861793;0,3606782204268142;0,33067822042681416;0,3906782204268142;0,38185700900327724;0,2728006076046992;0,49091341040185527;0,05812739160313034;-4,488615249947467;4,604870033153728;0,31948991562287504;0,1858956832228228;0,4640567400075134;0,33121860377889173;0,27342650175397676;0,38824248686364526;0,4234158352175543;0,35955810546875;0,359701007604599;0,3047446939335943;-2,557593023023757;3,1670824108909446;
1924;803,4334611420486;0,05;0,03301396371900171;0,07406128709210442;0,35;0;;0,37544697201736;-0,7194493147523975;-0,7853584918801029;-0,7587400603104074;-0,6765848380890421;1,2070660497973877;0,9999999999978526;2,147462850495906e-12;0,3203753068342812;0,3608688451797704;0,33086884517977044;0,3908688451797704;0,3986945343345931;0,28391001168860874;0,5134790569805775;0,06360594069909653;-4,359529195658355;4,486741077056547;0,32111942528237486;0,19641324910871719;0,46693685912938154;0,3390129209324573;0,28087115932308804;0,39983292292494677;0,41916823434609046;0,3608817458152771;0,36024215817451477;0,2876717705245619;-2,520365815123577;3,0957093561727;
1925;867,4987958892137;0,06401729436179437;0,04499844182067953;0,05063447495188824;0,35257217529925056;0;;0,35;-0,590158417603596;-0,7153989069144281;-0,6958664209093114;-0,8048622413392503;-0,628281507746605;0,9999999999878328;1,2167246976468016e-11;0,31673134007874976;0,35700955309950233;0,3270095530995023;0,38700955309950236;0,3852313595985116;0,27773923171016346;0,4927234874868598;0,06908448979506272;-4,23158466111308;4,3697536407032045;0,32104207116908073;0,19981507402144816;0,4709913040766079;0,3341537039393053;0,27822172248280486;0,39283164531467196;0,422958750788889;0,35955810546875;0,359701007604599;0,3025388702357454;-2,4511985841031816;3,0562763245746716;
1926;873,9664052030462;0,05;0,061364020665240715;0,05430259211542083;0,35;0;;0,35257217529925056;-0,5771060701228027;-0,7853584918801029;-0,6100084057222259;-0,7847768561942642;-0,44276491072932656;0,9999999999854616;1,4538343703145447e-11;0,31984730195908156;0,36135264008986623;0,3313526400898662;0,39135264008986625;0,38084089355751227;0,2764629314362858;0,48521885567873874;0,07456303889102892;-4,104792408760048;4,253918486542105;0,323010747413698;0,19500485760040842;0,4616956176019806;0,3366789074083253;0,2811959872743929;0,3899031469340215;0,4218979079762603;0,35955810546875;0,3597600758075714;0,29606576719838296;-2,403371555831332;2,995503090228097;
1927;790,4600386327716;0,06228598057022876;0,04613285242349886;0,072287535794162;0,35;0;;0,35;-0,7456311093521534;-0,7240398037363861;-0,689915012548487;-0,6862973081062982;-0,628281507746605;0,9999999999984845;1,515477459230772e-12;0,3220204343211776;0,3494106914510883;0,31941069145108825;0,3794106914510883;0,3809555032549863;0,26631044968260065;0,4956005568273719;0,08004158798699511;-3,979163512427379;4,139246688401369;0,3313577912726679;0,2145116910780696;0,48101733526380697;0,342661939058038;0,2829016472728251;0,40461281185014086;0,4230907055889815;0,35955810546875;0,359701007604599;0,2885836259398509;-2,356553565780652;2,9337208176603524;
1928;907,1714679524742;0,056896119642436196;0,0017406967206731946;0,07129156695457195;0,35;0;;0,35;-0,5100945986351622;-0,7509403184718707;-0,9228076229914917;-0,6917509010107041;-0,628281507746605;0,9999999999647842;3,5215784456724613e-11;0,30716311338012514;0,36258622924323314;0,3325862292432331;0,39258622924323316;0,385321631879677;0,2729122552471549;0,4977310085121991;0,0855201370829613;-3,8547093727131228;4,025749646879046;0,3138618452660209;0,19358665467571512;0,4607777761186579;0,324777124760475;0,26194544233428124;0,3820677622158283;0,42343162020273517;0,35955810546875;0,359701007604599;0,3055275558813128;-2,285309504529978;2,896364616292602;
1929;740,3491417128506;0,05;0,028897199909002455;0,0780522433266868;0,35;0;;0,35;-0,846760415009834;-0,7853584918801029;-0,7803376568927015;-0,6547316939568704;-0,628281507746605;0,9999999999996125;3,87429346246514e-13;0,3215161629345101;0,3467847464494578;0,31678474644945775;0,3767847464494578;0,37933202240421404;0,25664965224805353;0,5020143925603746;0,0909986861789275;-3,731441733469374;3,9134391058272286;0,33258584313506445;0,20678410884739729;0,47522428921006743;0,3443190857134958;0,27729714061466104;0,4074833338338846;0,4242727756396548;0,35955810546875;0,359701007604599;0,2910007910730227;-2,245536138029056;2,8275377201751;
1930;847,2546149804334;0,05827595072535274;0,047430358072308956;0,050533996330092576;0,36819308453898125;1;;0,35;-0,6310134029411176;-0,744053653514139;-0,683107965834225;-0,8054124287317543;-0,628281507746605;0,999999999992971;7,029066181492166e-12;0,31823925742572345;0,3561102123481147;0,32611021234811466;0,3861102123481147;0,3832007508263521;0,2743670677233323;0,49203443392937185;0,09647723527489369;-3,609372699483198;3,802327170032985;0,32090568199577413;0,20389627362764498;0,46787108334962546;0,336277773250155;0,2784126760407708;0,3937909682699225;0,4231888881769087;0,35955810546875;0,359701007604599;0,31271106818381916;-2,1695257296090475;2,794947865976684;
1931;911,2542453469666;0,05;0,017603494091126964;0,07784178189155513;0,3770670968773574;1;;0,36819308453898125;-0,5018551044644691;-0,7853584918801029;-0,839587328098305;-0,6558841105221894;0,6838837765957305;0,9999999999603968;3,9603119510247674e-11;0,311435099761288;0,36984985820482236;0,3398498582048224;0,39984985820482233;0,3985689143555076;0,28945277327230956;0,5076850554387057;0,10195578437085988;-3,4885147554694544;3,6924263242111746;0,3098762469226547;0,18889953354458383;0,4488601760604032;0,32748331011556886;0,2676598881638945;0,38197933494403774;0,4195553525249241;0,3608817458152771;0,36005717515945435;0,29091999479797465;-2,13701667168568;2,7188566612816274;
1932;901,3020158744919;0,05;0,04088938000781275;0,06844995180889285;0,3503747671261129;1;;0,3770670968773574;-0,5219397989752387;-0,7853584918801029;-0,7174236108434171;-0,7073106369979333;1,3239165812745324;0,9999999999695428;3,045708650092262e-11;0,3165957781084885;0,3714606925674999;0,3414606925674999;0,40146069256749994;0,3965939380070834;0,2914563633165746;0,5017315126975922;0,10743433346682607;-3,3688807865045973;3,5837494534382497;0,30889449619851755;0,1780769337599558;0,4355458003122598;0,33156597591223463;0,27571450600666514;0,3860087241477706;0,4176389318027499;0,3608817458152771;0,36024215817451477;0,3044301532160997;-2,069206381958343;2,6780666883905404;
1933;879,041698646069;0,0509334578750692;0,03041617961407566;0,0715696063638273;0,38102545548288536;1;;0,3503747671261129;-0,5668635693205902;-0,7806996523182559;-0,7723687005957239;-0,6902284500170723;-0,6012516540929033;0,9999999999834353;1,6564754587888328e-11;0,31423762866984806;0,36102968176884037;0,3310296817688404;0,39102968176884034;0,3792980076040083;0,2707553853064256;0,48784062990159094;0,11291288256279226;-3,2504841000465534;3,476309865172138;0,3169519517561785;0,18870400846373186;0,44946257710718035;0,33221582620002144;0,2741287506608673;0,38719434360568655;0,42272190418266337;0,35955810546875;0,359701007604599;0,30230757394818975;-2,0170288299170407;2,6216439778134184;
1934;889,8881069740271;0,05;0,020970430221364987;0,07559761415871073;0,3588009159919398;1;;0,38102545548288536;-0,5449743234577801;-0,7853584918801029;-0,8219235194332059;-0,6681724239087554;1,6094108158570515;0,9999999999777398;2,226020184532443e-11;0,31389744655496105;0,3714587313283035;0,3414587313283035;0,40145873132830345;0,39702009998657606;0,28731215134935095;0,5067280486238012;0,11839143165875846;-3,1333384497042767;3,3701213130217935;0,30528454177218545;0,17525303512606355;0,4422373492804565;0,32955996371612306;0,2705973801960966;0,38743997293676224;0,417574167593868;0,35895833373069763;0,35995763540267944;0,2992564157705191;-1,9657798567854992;2,564292688326536;
1935;1016,4546360354914;0,06345820340307692;0,059022306832286806;0,06711855019640897;0,35785903798306373;1;;0,3588009159919398;-0,2895491367176036;-0,7181893007251298;-0,6222936358227416;-0,7146009477969593;0,00647926689240406;0,9999999993075741;6,924259224842406e-10;0,3129457789085057;0,3751303111655408;0,3451303111655408;0,40513031116554077;0,38923811527211905;0,29401365397122614;0,48446257657301195;0,12386998075472465;-3,0174580609419173;3,2651980224513664;0,30630495757354004;0,18360593797621444;0,44395773582464476;0,32509919974657436;0,2723982525118101;0,37508566456743864;0,4185984961541181;0,35955810546875;0,3599432110786438;0,31024527394485496;-1,900490867301951;2,5209814151916596;
1936;1039,638642861765;0,05;0,053899237704903825;0,10615169764048674;0,3663659972180857;1;;0,35785903798306373;-0,24276125909388616;-0,7853584918801029;-0,6491705676514935;-0,500868461923933;-0,06145311822264199;0,9999999987011503;1,2988497688838876e-09;0,31245530290142826;0,38003917524202996;0,35003917524203;0,41003917524202993;0,3757435609381235;0,2807456459611677;0,4707414759150793;0,12934852985069084;-2,9028576589273336;3,161554718628715;0,31176980362001167;0,18350687620542117;0,4327054419764822;0,32529443195998303;0,2750989671994106;0,3711693948653093;0,41746824353227846;0,35955810546875;0,3599432110786438;0,29504871956071066;-1,8613872903768833;2,4514847294983033;
1937;1019,7479512144297;0,0875833271923476;0,08706566225119863;0,11506176425634165;0,37962101958929245;1;;0,3663659972180857;-0,28290286419348254;-0,597782066348777;-0,47517101594340005;-0,45207991137649634;0,5521062020561129;0,9999999992263808;7,736191568336872e-10;0,3210754074966967;0,3727116973200474;0,34271169732004736;0,4027116973200474;0,3886489872536728;0,30017403909358453;0,4771239354137611;0,13482707894665702;-2,789552498763535;3,0592066566568494;0,31819501267361866;0,192899111541047;0,42903021325546614;0,3336009098561763;0,28970878860270177;0,3794795029566649;0,41423491614185987;0,3608817458152771;0,36005717515945435;0,3112973911342736;-1,7908384874941083;2,4134332697626544;
1938;939,8990566868088;0,05;0,0468991834979473;0,10865853883154078;0,3744391363729123;1;;0,37962101958929245;-0,44404672226522945;-0,7853584918801029;-0,685894643598922;-0,48714183636240216;1,5081167214054843;0,9999999999126779;8,732220708647156e-11;0,31779420547239595;0,37620733784297977;0,34620733784297975;0,4062073378429798;0,38531315165824753;0,28328509076633646;0,4873412125501586;0,1403056280426232;-2,6775583983753712;2,958169654460618;0,31195250680776104;0,18746908142102836;0,4318114147401534;0,3325122521627302;0,28048350310573666;0,387049976308581;0,41510463688807936;0,35895833373069763;0,35995763540267944;0,3066056235450912;-1,7412301237740786;2,3544413708642598;
1939;917,8221835629871;0,06488907173332441;0,038132012425188835;0,0848284038859948;0,35;1;;0,3744391363729123;-0,48860028221592444;-0,7110479115282613;-0,7318894668961641;-0,617627700662694;1,1343765098717367;0,999999999952152;4,784788519872776e-11;0,3158696347011671;0,36929472425967236;0,33929472425967233;0,3992947242596724;0,3989846508178131;0,2944225522060665;0,5035467494295597;0,14578417713858938;-2,5668917743634;2,858460128640579;0,3088041040175381;0,18068492994141744;0,4324064054141782;0,33107981645873363;0,27673838142835894;0,38704138041679337;0,4172195324254546;0,3608817458152771;0,36024215817451477;0,32075417969127334;-1,6727814363186841;2,31428979570123;
1940;976,781558716318;0,07396302553094243;0,0589420521306193;0,11154276454735453;0,35150398120171084;1;;0,35;-0,36961377353707575;-0,6657602814554203;-0,6227146725278926;-0,4713487791168146;-0,628281507746605;0,9999999997617386;2,3826147651341504e-10;0,3166236140788511;0,3662339437973813;0,33623394379738125;0,3962339437973813;0,3714119982570865;0,2749448629480751;0,4678791335660979;0,15126272623455556;-2,457569681183583;2,7600951336526944;0,32093078365827565;0,20743286386728665;0,44460912851431444;0,33218924810715383;0,28264105740920353;0,38126626506457173;0,4188699322156914;0,35955810546875;0,359701007604599;0,3031384066497045;-1,6360970780510409;2,242373891350449;
1941;935,762816783091;0,07313620939307927;0,03950359296284563;0,09652794004721853;0,3560399940861773;1;;0,35150398120171084;-0,4523941096641223;-0,6698868776697002;-0,724693804356456;-0,5535649460287706;-0,5198077677955807;0,9999999999221696;7,783033511051056e-11;0,31437367624982054;0,36261550798025166;0,33261550798025163;0,3926155079802517;0,3807781800774951;0,2779527232442109;0,4836036369107793;0,15674127533052173;-2,3496098540667996;2,663092404727843;0,31734478452188586;0,19009907456301578;0,43372352348642906;0,33105018700529043;0,2769797180572031;0,3849142225723016;0,4203519379295186;0,35955810546875;0,3597600758075714;0,3140885825982406;-1,5708467707932927;2,199023935989773;
1942;1084,1160979952213;0,09458806299157316;0,0390572631866666;0,10499772402781547;0,35;1;;0,3560399940861773;-0,15300085903050267;-0,5628217953678305;-0,7270353645949049;-0,5071872362226612;-0,1926505656414628;0,99999999564904;4,350960065867878e-09;0,30725934044982794;0,37483615248056174;0,34483615248056176;0,4048361524805617;0,3906163133851982;0,29431690363748475;0,48691572313291165;0,1622198244264879;-2,243030756158089;2,567470405011065;0,30600708086885364;0,18029340390778004;0,4218595125061414;0,31901150956737295;0,2663271784146872;0,36990663072230406;0,41725181218421903;0,35955810546875;0,3599432110786438;0,3143044973165342;-1,516330724765787;2,1449397193988546;
1943;1013,0703148792072;0,06298059465268654;0,0883276815887081;0,11554710976976665;0,35;1;;0,35;-0,29637906932097624;-0,7205730210844851;-0,46855013950050584;-0,4494223213566225;-0,628281507746605;0,9999999993588693;6,41130811319628e-10;0,3205785920340418;0,3722626698121032;0,3422626698121032;0,40226266981210324;0,36119074042231264;0,27204820533083107;0,4503332755137942;0,1676983735224541;-2,137851630434448;2,473248377479356;0,323576929644785;0,20953075253402548;0,4397355744842748;0,33452931428489696;0,2920618349013647;0,3802413980022684;0,4173666608805572;0,35955810546875;0,359701007604599;0,30565695633637613;-1,4706781344367328;2,0819920471094844;
1944;1085,3224512073878;0,05;0,07292765064364164;0,11665233010734809;0,35049771961339826;1;;0,35;-0,1505663054658505;-0,7853584918801029;-0,5493426432867388;-0,4433705037181106;-0,628281507746605;0,9999999954967655;4,503234448221982e-09;0,3137722131645774;0,3824213296755193;0,3524213296755193;0,41242132967551925;0,35817227957261494;0,26855222966102926;0,4477923294842006;0,17317692261842027;-2,0340925570550104;2,3804464022918506;0,31532966425144754;0,2027372977327107;0,43102519185646654;0,3256776742591374;0,28075489787874075;0,3702841732520259;0,4172011883683312;0,35955810546875;0,359701007604599;0,318808986793452;-1,4032259726704448;2,040843946257348;
1945;1070,5946066661286;0,08507359548449196;0,08584938794225867;0,1304193753379215;0,3597775167722408;1;;0,35049771961339826;-0,18028871683421904;-0,6103080063857741;-0,48155190225854155;-0,3679867595690518;-0,5923837798688404;0,9999999969370408;3,062959279492791e-09;0,3179033871249106;0,3737664589277335;0,3437664589277335;0,40376645892773355;0,36581025004154566;0,2799981087313096;0,4516223913517817;0,17865547171438645;-1,9317745169125236;2,2890854603412967;0,3217897024596383;0,20116169467776662;0,4268576031754078;0,3304605676978872;0,2872700200792372;0,37343669229821663;0,4158752633748967;0,35955810546875;0,359701007604599;0,31493460034667864;-1,352800227808006;1,9826694285013626;
1946;1117,6764900765493;0,06834867101013084;0,057558248548175164;0,11582056143667566;0,36803354401082844;1;;0,3597775167722408;-0,0852722938402235;-0,6937812320032447;-0,6299744602888929;-0,4479249913086596;0,07691601102047504;0,9999999891801244;1,0819875488437595e-08;0,3097210055850918;0,3848619073025378;0,35486190730253775;0,4148619073025378;0,3802309617505677;0,28826406595663445;0,47219785754450094;0,18413402081035263;-1,8309194622953597;2,199187503916065;0,30757849075042115;0,1938304117382239;0,4266651292023578;0,3201013123650603;0,2741864831843662;0,36943958738517463;0,41549877289421233;0,35955810546875;0,3599432110786438;0,3172611483252138;-1,2961735485202588;1,9306958451706857;
1947;1075,0170674838764;0,09633613985755815;0,051535703402514246;0,10267035959070565;0,35;1;;0,36803354401082844;-0,17136370412666677;-0,5540972349158695;-0,6615702735193494;-0,5199311069901575;0,6723770119215372;0,9999999965805526;3,419447452369547e-09;0,31080362232598024;0,3770998922153224;0,34709989221532245;0,4070998922153224;0,40040377603105737;0,30631860197934047;0,49448895008277427;0,1896125699063188;-1,7315503957415128;2,11077553555415;0,3051495369681406;0,17961925060533118;0,4155777417587385;0,3216543385828604;0,27005856602859746;0,37315901283077313;0,4149152428839891;0,3608817458152771;0,36005717515945435;0,3244738192968013;-1,2346607462394592;1,8836083848330611;
1948;1010,1278126965642;0,07606660997686024;0,07301309114449059;0,14966941233016343;0,35;1;;0,35;-0,3023173626048189;-0,6552614012166079;-0,5488944005518404;-0,26257998279312916;-0,628281507746605;0,9999999994061124;5,938876443462355e-10;0,3194225138066714;0,36924197812095116;0,33924197812095114;0,3992419781209512;0,3609713615627096;0,2678160358450815;0,45412668728033767;0,19509111900228499;-1,6336914583790736;2,0238736963836437;0,3290487620832797;0,2170304849684914;0,4406897420926399;0,33487694839037474;0,2889942777602823;0,3836205440036703;0,41658562271094385;0,35955810546875;0,359701007604599;0,30506681637452665;-1,199767617852522;1,8099012506015746;
1949;1042,816719607457;0,07185092038390946;0,08765369713267003;0,1521853757112576;0,3563352378533356;1;;0,35;-0,2363475504122745;-0,6763016880690271;-0,4720860344549093;-0,24880340716398788;-0,628281507746605;0,9999999985550763;1,444923770261528e-09;0,32065483669251127;0,3734940206645875;0,34349402066458745;0,4034940206645875;0,35596988497009513;0,2675578724748574;0,44438189746533285;0,20056966809825116;-1,537368029313215;1,9385073655097174;0,3295501398536104;0,21163801863970022;0,43277726440423386;0,33484180744155606;0,2903063275361655;0,37809195186551925;0,4156282761288824;0,35955810546875;0,359701007604599;0,3227640214724506;-1,1277702814453867;1,7732983243902871;
1950;1131,8334115851105;0,10260994741494411;0,0756595909791138;0,1351095817950189;0,3519921338517614;1;;0,3563352378533356;-0,05670206799295996;-0,5227849886620176;-0,5350101850803409;-0,34230475463287957;-0,1713562864413925;0,9999999838838702;1,6116129773385075e-08;0,3133570015780647;0,3781878813697881;0,34818788136978807;0,4081878813697881;0,3801434554712593;0,29425723806333937;0,4660296728791792;0,20604821719421734;-1,4426068379536037;1,8547032723420382;0,31520419864027877;0,20259495129570781;0,4228137738560427;0,32381531032375355;0,2784267883116696;0,3674212455561531;0,4141287155607389;0,35955810546875;0,3599432110786438;0,3326713399701432;-1,0635628316384842;1,72890551157877;
1951;1056,9586104802854;0,10425561609084895;0,07994423238211117;0,13412265933313525;0,3553078119010615;1;;0,3519921338517614;-0,20780765804233176;-0,5145715421447558;-0,5125318596789746;-0,3477088125927078;-0,4846000513974266;0,9999999978763554;2,1236446746370834e-09;0,3178237675351133;0,36881994509921023;0,3388199450992102;0,39881994509921026;0,37507424727376715;0,2878013005762882;0,4623471939712461;0,21152676629018352;-1,3494360915998733;1,7724896241802406;0,3233088897337978;0,20467222713065925;0,4216849423970914;0,3309497525614876;0,287600328688485;0,37768739240301774;0,4156169030992438;0,35955810546875;0,3597600758075714;0,3170500804028642;-1,0248839598965582;1,6589841207022862;
1952;1170,1653667515009;0,1406961057558857;0,1059126532880727;0,126967879867553;0,35470010658824463;1;;0,3553078119010615;0,020656036705767815;-0,332698959097596;-0,3762948773085258;-0,3868859966320695;-0,2454587655409567;0,9999999537667669;4,6233232996419306e-08;0,316957172885065;0,3739352509977214;0,3439352509977214;0,40393525099772143;0,3875057193816779;0,3095655570275504;0,46544588173580537;0,2170053153861497;-1,2578856211458573;1,6918962519181568;0,31651924122995706;0,20889448931958132;0,42238026629824416;0,32539141985517045;0,27932757830583077;0,36725939519353773;0,4125336946456271;0,35955810546875;0,3599205017089844;0,3294325314625751;-0,9582013775276577;1,6170664404528075;
1953;1096,1425730099936;0,07583928134070739;0,12032842470492;0,16621575883357664;0,35;1;;0,35470010658824463;-0,1287301087045416;-0,6563959865813423;-0,300666050916445;-0,17197771262371367;-0,28928914586377086;0,9999999937936992;6,2063007473042666e-09;0,32518471810252;0,37957240885895227;0,34957240885895224;0,4095724088589523;0,3549835582366804;0,2752530904387805;0,43471402603458026;0,22248386448211588;-1,1679870484668993;1,612954777431131;0,3327507809304592;0,22601502242102928;0,4288706783614716;0,3371145992148636;0,29910692422577134;0,3767957072693656;0,41245039218788127;0,35955810546875;0,3599205017089844;0,3093871308798498;-0,9239466468012363;1,5427209085609355;
1954;1238,741012744983;0,15376369288196234;0,10744055069341663;0,17203694480531764;0,35;1;;0,35;0,15904923839661267;-0,26747931340513814;-0,3682791364735523;-0,14010284139402596;-0,628281507746605;0,9999997011889676;2,988110322640396e-07;0,31551116815687097;0,37672796478808857;0,34672796478808854;0,4067279647880886;0,3728982427647701;0,2972195894769552;0,44857689605258505;0,22796241357808206;-1,07977397997691;1,535698807133074;0,32208864489758426;0,22307183080162835;0,4267270776729896;0,3235338505428191;0,2824839712198773;0,3630294181755026;0,410807325772359;0,35955810546875;0,359701007604599;0,3314926617163691;-0,8475409846556909;1,5105263080884288;
1955;1079,0791423479989;0,1333601570087662;0,1185426727349693;0,15766519487633476;0,37110863396831956;1;;0,35;-0,16316598994097406;-0,3693122966241859;-0,31003456279204844;-0,2187977466170238;-0,628281507746605;0,9999999960521393;3,947860593789112e-09;0,3253004338686578;0,364470383567829;0,334470383567829;0,39447038356782904;0,36958875262755153;0,2912508961422682;0,4479266091128349;0,23344096267404824;-0,9932822320663185;1,460164157414415;0,33350927795611207;0,24017891490967064;0,43681785333571455;0,33788814547077994;0,29877907028893635;0,37968227510004604;0,41307257394487645;0,35955810546875;0,359701007604599;0,3312069280261884;-0,7935265870372004;1,4559404430895768;
1956;1194,1968958555847;0,11654265462382252;0,08854937179864052;0,1798393903527984;0,36817477653195274;1;;0,37110863396831956;0,06915430757232274;-0,45324757376416697;-0,4673870959203192;-0,09737925408554196;0,8941660263024672;0,9999999114040127;8,85959874131516e-08;0,31567308068074085;0,38613094237251705;0,3561309423725171;0,416130942372517;0,38314586690785557;0,29925393224675295;0,4670378015689582;0,23891951177001441;-0,9085500957802486;1,3863891193202775;0,3169977827028656;0,219955155157758;0,41675384992330283;0,3242109197906514;0,27797778233711046;0,36885587499822775;0,40863252250414206;0,3608817458152771;0,36005717515945435;0,320133128232999;-0,750300255522848;1,3905665119888457;
1957;1141,6453120376316;0,15122636574843423;0,15127010378334432;0,16199755474355243;0,35;1;;0,36817477653195274;-0,03690057289037933;-0,2801429807721869;-0,1383380833290259;-0,19507519015540142;0,6825633225959244;0,9999999781477815;2,1852218388044583e-08;0,32978681572639745;0,37262925838692534;0,3426292583869254;0,4026292583869253;0,3878309203889183;0,31852722544656653;0,4571346153312701;0,2443980608659806;-0,8256186503482639;1,314414772080225;0,328903617184992;0,23636505337502398;0,42238339206565445;0,33849605325629734;0,3036360186991648;0,37588772339494203;0,40764341712906066;0,3608817458152771;0,36005717515945435;0,3418326513426216;-0,6743006011094639;1,357965903794707;
1958;1186,9748647338663;0,15509929559333568;0,11742142068584872;0,20214362297058816;0,363302633636563;1;;0,35;0,054579453844506215;-0,2608133899426628;-0,3159169380123993;0,024751278424557502;-0,628281507746605;0,9999999258760103;7,412398973086231e-08;0,3216075980043371;0,37110311760783854;0,3411031176078385;0,40110311760783857;0,36591743648137065;0,29130293687488185;0,44053193608785945;0,24987660996194677;-0,7445321383048287;1,2442853582287223;0,3329026851568877;0,23931577040660545;0,42296888549234357;0,3321291449689242;0,29218441261525646;0,37148853207513993;0,409977129225531;0,35955810546875;0,359701007604599;0,31768920785762544;-0,6441439133031761;1,279522329018427;
1959;1153,0305513963801;0,14565088654637573;0,1155447604995595;0,17185696813278553;0,36464249468567334;1;;0,363302633636563;-0,013923906698658844;-0,30796990663199547;-0,32576237765775384;-0,14108833357537143;0,33116294549178243;0,9999999705887486;2,9411251544137574e-08;0,32237069309695976;0,3735140180393264;0,34351401803932635;0,4035140180393264;0,38693972622606065;0,3112327844996601;0,46264666795246123;0,25535515905791295;-0,6653384193620184;1,1760487374778443;0,32444990432747184;0,23089474522382603;0,41154913765178736;0,33206517303656874;0,2917768814815375;0,37126455314781637;0,4093702704422315;0,3608817458152771;0,3600045144557953;0,34327398134273823;-0,5642590085656596;1,2508069712511358;
1960;1215,5932756845027;0,13353641291049193;0,13343880961385368;0,18895162515807098;0,35;0;;0,36464249468567334;0,11233455715245536;-0,36843261261283405;-0,23188561624249224;-0,047483698017974134;0,4277996181086797;0,999999839045458;1,6095454189955066e-07;0,3234014186523156;0,38289037022788985;0,3528903702278898;0,4128903702278899;0,3761401188110137;0,3051738539870624;0,447106383634965;0,26083370815387913;-0,588089526571888;1,1097569428796463;0,3248286934719666;0,23497468378335828;0,40900613300727456;0,3311650400691502;0,29278584217198034;0,3656169610739205;0,4072984555913649;0,3608817458152771;0,36005717515945435;0,3274451900067215;-0,5257876687626253;1,1806780487760682;
1961;1163,8502219497166;0,16638545405126942;0,15517906257612618;0,17650924504670165;0,35;0;;0,35;0,00791137939195566;-0,20448476180698247;-0,11783068505219121;-0,1156140181565197;-0,628281507746605;0,99999995997171;4,002829000552373e-08;0,32901751012170743;0,3663712211661304;0,3363712211661304;0,39637122116613044;0,3690082586073836;0,30266803615810167;0,43534848105666557;0,2663122572498453;-0,5128423577060587;1,0454668722057492;0,3342496976576044;0,25023692268185305;0,41620224533644523;0,3387442442790185;0,304495440467524;0,3731476515802721;0,4096300496227978;0,35955810546875;0,359701007604599;0,33911134672926646;-0,45982138121855515;1,138044074677088;
1962;1251,1946241023131;0,152827981416943;0,1657438362102209;0,1868042127893929;0,35;0;;0,35;0,18418199687647008;-0,27214940051687064;-0,062405178643924225;-0,05924221132796562;-0,628281507746605;0,9999995730373339;4,2696266603202567e-07;0,3269067503991698;0,37820871168831316;0,34820871168831313;0,4082087116883132;0,3590733306279412;0,2973317570495557;0,4208149042063267;0,2717908063458115;-0,4396595489356168;0,9832411616272398;0,3302045065310464;0,2539860223623637;0,4147069935400005;0,33390343952943846;0,3044605762984626;0,36684894467245754;0,4080193429662617;0,35955810546875;0,359701007604599;0,33044311065429893;-0,41418948737704137;1,075075708685639;
1963;1196,0463330509174;0,1731399325712903;0,13678049988438046;0,17187402437046992;0,35;0;;0,35;0,072886675398833;-0,17077351185219916;-0,21435425381880543;-0,14099493931130017;-0,628281507746605;0,9999999047398298;9,526017022560473e-08;0,3235515120864681;0,3682948934116276;0,33829489341162755;0,3982948934116276;0,3749971159196721;0,3063610065322328;0,4436332253071114;0,27726935544177767;-0,36861059978452027;0,9231493106680756;0,3262139982972957;0,2408486981654181;0,40593489353939594;0,3324157261953609;0,2942986960818963;0,3680788595265143;0,4099954098222035;0,35955810546875;0,359701007604599;0,33562671709505054;-0,354705753794008;1,025959187984109;
1964;1254,4339104401165;0,17131574006843198;0,1421109516100354;0,19312737284028364;0,35;0;;0,35;0,190719233252262;-0,1798779614773211;-0,1863893398024947;-0,024618697603224066;-0,628281507746605;0,9999995349789585;4,650210413724589e-07;0,32251526009551856;0,3747051841286666;0,3447051841286666;0,40470518412866663;0,3680054374486831;0,30181429728344095;0,4341965776139252;0,28274790453774384;-0,299773353137157;0,8652691622126447;0,3262401615946812;0,24709358905044254;0,40782010905517185;0,3300578880048064;0,296330765153385;0,364938095784383;0,40838004946400086;0,35955810546875;0,359701007604599;0,3360260511137918;-0,30000630177106663;0,9720584039986502;
1965;1257,3718588269755;0,22705065113545858;0,17920100564853134;0,22514016188812241;0,35;0;;0,35;0,19664833647497929;0,0982920723186184;0,008194576426371907;0,15067264913549477;-0,628281507746605;0,9999994823238134;5,176761866172471e-07;0,3313500155941343;0,3634378273204743;0,33343782732047433;0,3934378273204743;0,3733969489124069;0,315781556915238;0,43101234090957574;0,28822645363371;-0,23323599113776539;0,8096888984051854;0,3385087539649767;0,2685080272977053;0,41161632450527724;0,3391412232691234;0,308393220010873;0,3711515963923521;0,40513209191412874;0,35955810546875;0,359701007604599;0,32434065146099683;-0,25739161400447524;0,9060729169264687;
1966;1268,5572660642015;0,1851802711171365;0,19122220546806984;0,19713666095777904;0,35;0;;0,35;0,2192217194500777;-0,11068081023857704;0,07126086735783699;-0,0026651741995280557;-0,628281507746605;0,9999993056768488;6,943231510673455e-07;0,3315906007610645;0,37328581325515264;0,3432858132551526;0,40328581325515267;0,3630537138658494;0,3075600596091737;0,4185473681225251;0,2937050027296762;-0,1690998044965613;0,7565098099559138;0,3333875929579182;0,25796308639336385;0,4017847138981586;0,33787222110066506;0,30888945991889827;0,3665920528968377;0,40609497233859476;0,35955810546875;0,359701007604599;0,35312817636769855;-0,1743040999410606;0,8805604526764577;
1967;1200,160862022955;0,23175448032349552;0,2003556355087416;0,24013405897623324;0,3576306924931556;0;;0,35;0,08119024774788731;0,12176863842694158;0,11917717894022793;0,23277422452491378;-0,628281507746605;0,9999998889803162;1,1101968369265659e-07;0,3392100028232948;0,3565512528659071;0,32655125286590714;0,3865512528659071;0,3689376679702706;0,31051262282463366;0,42736271311590757;0,2991835518256424;-0,10748316249219197;0,7058502661434767;0,348715068410543;0,2815699758987924;0,4120549888691629;0,3489721460106517;0,31646618910248714;0,3796982114469799;0,4044479873124688;0,35955810546875;0,359701007604599;0,3248519582232507;-0,1482806242561171;0,7979845407026185;
1968;1363,8472363102287;0,2052323580157926;0,19647812596401426;0,23519999720828635;0,35;0;;0,3576306924931556;0,41152736791056;-0,010601890518577293;0,09883477146773526;0,205756949307095;-0,07792239939657383;0,9999907179979886;9,282002011504668e-06;0,3299611438506461;0,381235772634942;0,351235772634942;0,41123577263494204;0,3703090117997744;0,316598566888311;0,42401945671123775;0,30466210092160856;-0,04852742068257443;0,6578516225257915;0,3307953446745648;0,26441798883612566;0,39358253409443966;0,3336950457231718;0,3059473004139705;0,3604319721349958;0,4018617788350104;0,35955810546875;0,3599432110786438;0,354138875812898;-0,06469485128053437;0,7729726029063304;
1969;1299,5428624806655;0,2353958533307447;0,17491250456699722;0,2750738642019308;0,35;0;;0,35;0,2817540635826054;0,1399425411586063;-0,014303997836435418;0,42409293479563087;-0,628281507746605;0,9999983654379118;1,6345620882239023e-06;0,3306948972669386;0,36606168785365933;0,3360616878536593;0,39606168785365936;0,3655822968605976;0,30467247158693705;0,4264921221342582;0,31014065001757474;0,0075939089354684075;0,6126873910996811;0,34268430982332587;0,28504197194461317;0,40828817365903614;0,33881847496674405;0,30504148693356437;0,3757068026681546;0,4029155036256148;0,35955810546875;0,359701007604599;0,3346168534720043;-0,0299203689281638;0,6991540758721724;
1970;1325,6174380591572;0,24996348489729095;0,21217413392588683;0,2420427813512342;0,35;0;;0,35;0,33437542711128965;0,21264883040556878;0,18118004643580826;0,2432257511058766;-0,628281507746605;0,9999966566581915;3,3433418084439735e-06;0,33508541796711483;0,36573093983294436;0,33573093983294433;0,3957309398329444;0,37071404315138623;0,32169938609498333;0,41972870020778913;0,3156191991135409;0,06066024226714928;0,5705781559599326;0,3395065205173803;0,2800862176780251;0,39268974094625575;0,3405647740152638;0,3159663443751491;0,3677464879496728;0,40222030037352957;0,35955810546875;0,359701007604599;0,35788805018623254;0,04764040082322851;0,6681356995492365;
1971;1347,0507852351116;0,2140600035703235;0,2308935445774081;0,24181585193861224;0,35;0;;0,35;0,3776302808667131;0,033456427961367184;0,27938686571649207;0,24198316139294393;-0,628281507746605;0,9999940377887312;5,962211268827071e-06;0,3374318089069125;0,3753988040871249;0,34539880408712487;0,4053988040871249;0,3550881070933616;0,3090729743444585;0,40110323984226465;0,3210977482095071;0,11037842869113537;0,5318170677278788;0,3399275556325147;0,28784448066850227;0,389900948424853;0,3418487666625515;0,3201928545556713;0,3639661183325596;0,40175789136625856;0,35955810546875;0,359701007604599;0,34796138207361255;0,09198112994778335;0,6039416341994417;
1972;1395,700926038314;0,1933580126496166;0,22425753267435208;0,2707437741418976;0,35;0;;0,35;0,4758116198963962;-0,06986612883128496;0,24457264886747357;0,40038280704047347;-0,628281507746605;0,999977785841989;2,2214158011060814e-05;0,3348546193903887;0,38472232187410227;0,35472232187410224;0,4147223218741023;0,34231659260176417;0,2918983843631379;0,3927348008403904;0,3265762973054733;0,1563370762001062;0,4968155184108404;0,3401854808087226;0,2909346460320249;0,3880356282382522;0,33874910282956494;0,311445225873464;0,36200953978658834;0,40067082180495783;0,35955810546875;0,359701007604599;0,3416526586951339;0,1398654631219444;0,5434398542683234;
1973;1369,7265955219887;0,23770960755955697;0,22766873550013916;0,2619358228590818;0,35;0;;0,35;0,4233925619370713;0,1514903678206099;0,26246869194693906;0,35215340596996464;-0,628281507746605;0,9999889053798348;1,1094620165334358e-05;0,33666873138770487;0,3728314911730978;0,34283149117309775;0,4028314911730978;0,35894783042010314;0,3134446490247191;0,4044510118154872;0,33205484640143945;0,19792234450151894;0,46618734830136;0,34069239082097474;0,29785623302965836;0,3834388805713312;0,3410598174536951;0,319971366308925;0,3625037501549462;0,4005872579583021;0,35955810546875;0,359701007604599;0,35861170477320914;0,21077200649831407;0,5064514030481042;
1974;1461,1382599577819;0,24373967879541777;0,25570756546187057;0,26418561632521115;0,37941280134846567;0;;0,35;0,607871362389946;0,18158613880791988;0,4095675701196769;0,36447252399409097;-0,628281507746605;0,9998668024191215;0,00013319758087845977;0,3374556375076092;0,38102266500308146;0,35102266500308144;0,4110226650030815;0,35366135663193166;0,31005909277074606;0,39726362049311725;0,33753339549740563;0,23416892072343556;0,4408978702713757;0,33814816735642245;0,2983091506179387;0,37019612092385756;0,3383900165057447;0,31596228370780466;0,36005914182959287;0,39831819061284207;0,35955810546875;0,360012412071228;0,3489143850013175;0,2542524903362817;0,44357627966635327;
1975;1464,647930992314;0,24974876322305203;0,26223464065252533;0,2563749035757481;0,35;0;;0,37941280134846567;0,6149542648448013;0,21157716573012092;0,44381027709442744;0,3217036682472003;1,4930991059706562;0,9998526135373418;0,00014738646265818;0,3400081264783613;0,3888843855882038;0,3588843855882038;0,41888438558820384;0,3749011466442109;0,32776478632778916;0,4220375069606327;0,3430119445933718;0,2635724822489911;0,4224514069377525;0,32785038996930566;0,2932900618454276;0,3697441616325449;0,33826941821038176;0,30991001867994206;0,36953995455359046;0,39321278111839464;0,35895833373069763;0,36026906967163086;0,3569715886935424;0,31318419563957717;0,4007589817475076;
1976;1398,1712071834522;0,2823064522296979;0,2928361711072288;0,2813809524058684;0,35;0;0,3447040738840747;0,35;0,48079691914949685;0,37407089323252907;0,6043537379449525;0,4586284444513492;-0,628281507746605;0,9999752522020048;2,4747797995081176e-05;;;;;;;;;;;;;;;;;;;;;;;0,0
1977;1418,2450946483866;0,2936274905785296;0,28411065764894233;0,2932627500191088;0,35228358183072006;0;0,35520787936091003;0,35;0,5213082335732506;0,43057360508421666;0,5585774611549844;0,5236892019564005;-0,628281507746605;0,9999573168784004;4,268312159967521e-05;;;;;;;;;;;;;;;;;;;;;;;0,0
1978;1493,676675959217;0,2739324097285968;0,3092197089986796;0,2972844024593829;0,35;0;0,35400043474496495;0,35228358183072006;0,67353746736277;0,3322764839306357;0,690305970888418;0,5457104282643376;-0,463579541139155;0,999669521877012;0,00033047812298793813;;;;;;;;;;;;;;;;;;;;;;;0,0
1979;1436,453824791686;0,3073819852914714;0,2944322677846661;0,3145832086745627;0,35;0;0,3645606970191554;0,35;0,5580554552253122;0,4992215707110723;0,6127272696160921;0,6404329166392047;-0,628281507746605;0,9999294707311446;7,052926885549681e-05;;;;;;;;;;;;;;;;;;;;;;;0,0
1980;1424,9387049728512;0,298702222913864;0,3305625423765968;0,2900713231906648;0,35;0;0,3606337756389487;0,35;0,5348166759692813;0,4559013294530182;0,802275937224539;0,5062140139638757;-0,628281507746605;0,9999480783920905;5,192160790935504e-05;;;;;;;;;;;;;;;;;;;;;;;0,0
1981;1491,0851484269433;0,3558866076162713;0,3085409750292679;0,31812898249357674;0,40194281228369183;0;0,40615019806915376;0,35;0,6683074795549204;0,7413056105532242;0,686745158771277;0,6598483904686498;-0,628281507746605;0,9996857432333396;0,00031425676666029477;;;;;;;;;;;;;;;;;;;;;;;0,0
1982;1431,9350147968682;0,29266944873881495;0,32104865601512145;0,3479752465558642;0,35;0;0,34228221450309904;0,40194281228369183;0,5489359992733427;0,425792068237215;0,7523636544100988;0,8232765695873012;3,1180625991987463;0,9999365161617223;6,348383827782707e-05;;;;;;;;;;;;;;;;;;;;;;;0,0
1983;1519,9184452591903;0,3038763963844618;0,31009705909120033;0,3307837254194793;0,35;0;0,33744147441573;0,35;0,7264962462243066;0,48172535934070104;0,6949087740207416;0,7291415384914242;-0,628281507746605;0,9993200626496858;0,000679937350314394;;;;;;;;;;;;;;;;;;;;;;;0,0
1984;1584,4761397329996;0,34663128168135465;0,32863601307021334;0,3432314125763053;0,3565154314332851;0;0,34446306411659083;0,35;0,8567807794951855;0,6951127616041688;0,7921688714117823;0,7973009182393623;-0,628281507746605;0,9960424376021483;0,003957562397851738;;;;;;;;;;;;;;;;;;;;;;;0,0
1985;1652,8416202975352;0,3475179680068072;0,3749458248953771;0,35864028094932887;0,35;0;0,3603730696441001;0,3565154314332851;0,9947498442176465;0,6995381668016564;1,0351219966730594;0,8816747378647194;-0,15835993282337235;0,974899615578189;0,025100384421811017;;;;;;;;;;;;;;;;;;;;;;;0,0
1986;1530,6684403284032;0,34755184697737707;0,3486228657637879;0,36307763418738903;0,35;0;0,3368891968978892;0,35;0,7481909195188253;0,699707254976518;0,8970250160312719;0,9059722029775722;-0,628281507746605;0,9990669167566866;0,0009330832433134092;;;;;;;;;;;;;;;;;;;;;;;0,0
1987;1587,830281236314;0,40344871840641156;0,3443590924749039;0,383658155531237;0,35;0;0,36291446398628946;0,35;0,8635498062370107;0,9786856244907859;0,8746561700974813;1,018664267938142;-0,628281507746605;0,9955687564331599;0,004431243566840011;;;;;;;;;;;;;;;;;;;;;;;0,0
1988;1527,7703927367215;0,3368247157006232;0,34998359226056586;0,3736740795228089;0,35;0;0,3481225089037837;0,35;0,74234234049263;0,6461687023411762;0,9041637354945713;0,9639948004686323;-0,628281507746605;0,9991375343931316;0,0008624656068683524;;;;;;;;;;;;;;;;;;;;;;;0,0
1989;1603,0267492629407;0,39990554332967404;0,35263898730792;0,3785484277624351;0,35;0;0,36293225986809774;0,35;0,894217951379928;0,9610018225079368;0,9180946175286773;0,9906851043381497;-0,628281507746605;0,9933211538135219;0,006678846186478092;;;;;;;;;;;;;;;;;;;;;;;0,0
1990;1633,103634463464;0,3912576602909365;0,38002755087936424;0,4049893444477553;0,35;0;0,3608111972972406;0,35;0,9549164162574448;0,9178406893672378;1,061782031790288;1,1354667379487005;-0,628281507746605;0,9848914614245428;0,015108538575457355;;;;;;;;;;;;;;;;;;;;;;;0,0
1991;1582,4139168161907;0,4081248153686001;0,39783163167668006;0,40921895669491276;0,3542766838452172;0;0,34437740755581014;0,35;0,8526189866615527;1,0020237805065155;1,1551867963883975;1,1586266827407292;-0,628281507746605;0,996090207102849;0,003909792897150853;;;;;;;;;;;;;;;;;;;;;;;0,0
1992;1666,488117145279;0,39306318250244493;0,39185757747564204;0,4064541060209203;0,35;0;0,3512259596751567;0,3542766838452172;1,0222899769172753;0,926851956542144;1,1238453790640934;1,1434872833759522;-0,319828256634742;0,9633305884023883;0,0366694115976117;;;;;;;;;;;;;;;;;;;;;;;0,0
1993;1673,663705330881;0,4444094475772619;0,42328701359727244;0,4212137036984182;0,35;0;0,3568507144390859;0,35;1,0367711036880658;1,1831184871190106;1,2887322449355847;1,2243059134035954;-0,628281507746605;0,954877780007053;0,04512221999294701;;;;;;;;;;;;;;;;;;;;;;;0,0
1994;1711,4553853686955;0,44650504886750697;0,3945750379397131;0,42884738989144955;0,35;0;0,3430596549583542;0,35;1,1130388737096015;1,1935775238442912;1,1381018721591762;1,2661054308201376;-0,628281507746605;0,8845213652389537;0,1154786347610462;;;;;;;;;;;;;;;;;;;;;;;0,0
1995;1783,30907992262;0,45300395720303493;0,44567930006434925;0,43551112251181223;0,35;0;0,33704278345604827;0,35;1,258047538208056;1,226013236339759;1,406207910772041;1,3025938062498619;-0,628281507746605;0,5180794106548748;0,48192058934512516;;;;;;;;;;;;;;;;;;;;;;;0,0
1996;1726,9648669291546;0,4727168036726648;0,40391578812829304;0,42757937535159624;0,35;0;0,35067921830039184;0,35;1,1443387146169852;1,324399024774527;1,187105838298534;1,2591622064717995;-0,628281507746605;0,8331051545525862;0,16689484544741381;;;;;;;;;;;;;;;;;;;;;;;0,0
1997;1784,7325645218043;0,43892053749988275;0,4311317677317302;0,4400413333414617;0,35;0;0,3563149082549499;0,35;1,2609202868112184;1,1557236232447101;1,3298878328932366;1,3273997285377608;-0,628281507746605;0,5101275123279746;0,4898724876720254;;;;;;;;;;;;;;;;;;;;;;;0,0
1998;1835,8031642496692;0,5056757839183413;0,4349327836063669;0,4245876757456485;0,35;0;0,32341248579436677;0,35;1,3639863783691832;1,4888955759180984;1,3498289349948203;1,2427806580793554;-0,628281507746605;0,20498588435789622;0,7950141156421037;;;;;;;;;;;;;;;;;;;;;;;1,0
1999;1681,4135151809471;0,48019090574112705;0,4111206043096529;0,4522104947890465;0,3752308945116027;0;0,372488601187931;0,35;1,0524110729819438;1,3617018783213493;1,2249041479699903;1,394033994475675;-0,628281507746605;0,9444818156254446;0,05551818437455539;;;;;;;;;;;;;;;;;;;;;;;0,0
2000;1797,3483629948423;0,4978850695197235;0,5005448641482932;0,4614217526694852;0,38429226284539425;2;0,39228225533084754;0,3752308945116027;1,2863803567424028;1,4500125267471429;1,6940467021223866;1,4444717678482746;1,1914815896045867;0,4155043040291767;0,5844956959708234;;;;;;;;;;;;;;;;;;;;;;;0,0
2001;1793,0128785821664;0,4923218396551107;0,46183599683345117;0,4509161318934266;0,35729096085694584;2;0,3544218706886064;0,38429226284539425;1,277630871993721;1,422246736691555;1,4909700771304704;1,3869464953264197;1,845027332810704;0,4475276062866336;0,5524723937133663;;;;;;;;;;;;;;;;;;;;;;;0,0
2002;1909,9102902032962;0,517324369787001;0,4758536667087912;0,47827540755693815;0,3783174957438817;2;0,37284875980365156;0,35729096085694584;1,513542715465941;1,5470330603551548;1,5645103609466133;1,5367567561470579;-0,10242533940502115;0,03273629371799994;0,9672637062820001;;;;;;;;;;;;;;;;;;;;;;;1,0
2003;1779,247570597914;0,5411050451374219;0,49818991334411067;0,4592431876249604;0,4011759634579179;2;0,4249502006154209;0,3783174957438817;1,2498509653431544;1,6657211705409154;1,6816920274829654;1,432542672884322;1,4141008477587929;0,5350405858914967;0,4649594141085033;;;;;;;;;;;;;;;;;;;;;;;0,0
2004;1915,8869693827596;0,5578541449645185;0,486859430309759;0,48446742886194;0,3752791204201492;2;0,362625599213128;0,4011759634579179;1,5256043118992224;1,7493150540828128;1,6222494135870518;1,5706621978743194;3,0627540886840365;0,027471535521584527;0,9725284644784155;;;;;;;;;;;;;;;;;;;;;;;1,0
2005;1965,955775196742;0,5216370877260097;0,44573765926667286;0,4855674519151814;0,38469403890890774;2;0,3812083824806427;0,3752791204201492;1,626648673072179;1,5685576106213905;1,4065140780837504;1,5766855569186742;1,194959854264163;0,007398583856298392;0,9926014161437016;;;;;;;;;;;;;;;;;;;;;;;1,0
2006;1747,2051086735717;0,5096760046443795;0,5136737276112365;0,4652743201156559;0,3796648010820815;2;0,3879283594927856;0,38469403890890774;1,1851857502872407;1,5088604688954115;1,762924080020032;1,4655671411702251;1,8740051898361323;0,7326778113446225;0,26732218865537755;;;;;;;;;;;;;;;;;;;;;;;0,0
2007;1931,0328769147704;0,5908273273395335;0,5015822127434341;0,5073831408264979;0,36898986716700877;2;0,35677213496619503;0,3796648010820815;1,5561704203988447;1,9138824873130766;1,699488898349103;1,6961409871713464;1,5112744352506207;0,01818716600070816;0,9818128339992919;;;;;;;;;;;;;;;;;;;;;;;1,0
2008;1965,581559964673;0,5787663401073488;0,5141350596779894;0,4895138978038607;0,38499985083555605;2;0,4018953328358758;0,36898986716700877;1,6258934655442407;1,8536867291830517;1,7653443461144835;1,5982949772545376;0,7413512446012027;0,00723622424342847;0,9927637757565715;;;;;;;;;;;;;;;;;;;;;;;1,0
2009;1967,1508316213485;0,5455650215715815;0,47569884373808907;0,5127452315863955;0,39964807309380634;2;0,3905087110415701;0,38499985083555605;1,6290604284761052;1,6879806802749007;1,563698120017276;1,7255020062700912;1,8960616911856398;0,0070274125049792965;0,9929725874950207;;;;;;;;;;;;;;;;;;;;;;;1,0
2010;1960,3180430519767;0,574992121237926;0,5163346583760219;0,5186178161223796;0,38998093996679567;2;0,40387563528459797;0,39964807309380634;1,6152711090625942;1,8348497996830107;1,7768840038445812;1,7576583188803827;2,9525559147695097;0,008266151329476284;0,9917338486705236;;;;;;;;;;;;;;;;;;;;;;;1,0
2011;2056,296619366998;0,5629505582364145;0,5601208442787662;0,5184753925631073;0,3849228109616948;2;0,3789393840650528;0,38998093996679567;1,8089664403647214;1,7747509868750353;2,0065975416258457;1,7568784550117627;2,255319750049887;0,0006135027858374247;0,9993864972141626;;;;;;;;;;;;;;;;;;;;;;;1,0
2012;1991,70458172397;0,6260853623970053;0,5286353503065342;0,5289740698786017;0,3546632158137133;2;0,36274974981464253;0,3849228109616948;1,678612598798229;2,089853501095096;1,8414165819227812;1,8143657074613428;1,8905052366012476;0,003501002754540581;0,9964989972454593;;;;;;;;;;;;;;;;;;;;;;;1,0
2013;2048,688726214893;0,5613287505253071;0,5394795707229845;0,5419062060388757;0,3870099915019044;2;0,38960105183825977;0,3546632158137133;1,7936128745880058;1,766656629188401;1,8983081376722508;1,8851777682397821;-0,29194987079740187;0,0007598593110399799;0,99924014068896;;;;;;;;;;;;;;;;;;;;;;;1,0
2014;2037,4062095240151;0,6533681071096841;0,5428271496120486;0,5473588958805281;0,36485890868523035;2;0,3738797152706302;0,3870099915019044;1,7708435140466645;2,2260202567869647;1,9158703932959038;1,9150348776676251;2,041041878210857;0,001004927572988115;0,9989950724270118;;;;;;;;;;;;;;;;;;;;;;;1,0
2015;1995,2569371830966;0,605036669828838;0,5486245927650443;0,5438898279717388;0,4094614376837055;2;0,40355792785984584;0,36485890868523035;1,6857816431201624;1,9848005744652122;1,9462852638607533;1,896039419797615;0,4434083477144785;0,0031777157274988;0,9968222842725013;;;;;;;;;;;;;;;;;;;;;;;1,0
2016;2070,2090930055665;0,6325392111032675;0,5525438531498953;0,5492361157554316;0,3747227973511334;2;0,3736447046064845;0,4094614376837055;1,8370433435041238;2,1220643233313754;1,9668467069261486;1,9253139070738037;3,660338935832803;0,0004128216675795067;0,9995871783324205;;;;;;;;;;;;;;;;;;;;;;;1,0
2017;2147,449769716628;0,6273325434753849;0,5467394348968954;0,5689155674209404;0,3971472533633571;2;0,40810142594758925;0,3747227973511334;1,992923530937244;2,0960781167997;1,9363952432014857;2,03307201525899;1,1548353873835062;5,124074038599493e-05;0,9999487592596141;;;;;;;;;;;;;;;;;;;;;;;1,0
2018;2085,321093425232;0,6628930474767692;0,5591969448092566;0,5206798538473911;0,37885249645741786;2;0,3648642260385211;0,3971472533633571;1,8675410237188999;2,273558737302885;2,0017505285480985;1,7689493491402946;2,7721857952516897;0,0002735338961129588;0,999726466103887;;;;;;;;;;;;;;;;;;;;;;;1,0
2019;2110,694091202683;0,6563278023429133;0,5619499843953495;0,5452800439947803;0,3606223246270102;2;0,34606439591613314;0,37885249645741786;1,9187465260228793;2,240791941307336;2,016193678823346;1,9036517786762028;1,4526874525698903;0,00013754523669027788;0,9998624547633096;;;;;;;;;;;;;;;;;;;;;;;1,0
2020;2165,7993818233085;0,6256312768230883;0,5501959425092611;0,5662428364949232;0,3725324079098531;2;0,3778035220820367;0,3606223246270102;2,029955067898193;2,087587183682463;1,9545289667865453;2,018437032883926;0,1378472696310192;3,122830125003371e-05;0,99996877169875;;;;;;;;;;;;;;;;;;;;;;;1,0
2021;2210,7961176759345;0,6630960896107334;0,5120613908946822;0,544559154522899;0,3618834319290496;2;0,35104802574651367;0,3725324079098531;2,1207634336097465;2,2745721100020697;1,7544653489472462;1,899704428566002;0,9968548658353467;9,281614956398276e-06;0,9999907183850437;;;;;;;;;;;;;;;;;;;;;;;1,0
2022;2252,6370019703068;0,6541162596791898;0,5467630631136818;0,5634311429344604;0,36869099342369527;2;0,3761603538188144;0,3618834319290496;2,20520294351425;2,2297542472349563;1,936519202874099;2,0030411375093116;0,22880387558868903;2,95971065625646e-06;0,9999970402893437;;;;;;;;;;;;;;;;;;;;;;;1,0
